DIGITAL_OBJECT - URL_TEXT,DIGITAL_OBJECT - URL_TEXT 1,DIGITAL_OBJECT - URL_TEXT 2,DIGITAL_OBJECT - URL,DIGITAL_OBJECT - URL 1,DIGITAL_OBJECT - URL 2 1,IMAGE,LAND_DATE,RECORD_URL,REMARKS,LOCATION,LASTNAME,FIRSTNAME1,FIRSTNAME2,YEAR,DESC_SR
"AD956/1/1 page 2|RD1/1 Book 11, page 186",AD956/1/1 page 2,"RD1/1 Book 11, page 186",https://stors.tas.gov.au/AD956-1-1$init=AD956-1-1-00002|https://stors.tas.gov.au/RD1-1-11$init=RD1-1-11P185JPG,https://stors.tas.gov.au/AD956-1-1$init=AD956-1-1-00002,https://stors.tas.gov.au/RD1-1-11$init,RD1-1-11P185JPG,1841,https://stors.tas.gov.au/NI/1739893,1 acre,Kempton,Ashton,John,,1841,
"AD956/1/1 page 2|RD1/1 Book 13, page 33",AD956/1/1 page 2,"RD1/1 Book 13, page 33",https://stors.tas.gov.au/AD956-1-1$init=AD956-1-1-00002|https://stors.tas.gov.au/RD1-1-13$init=RD1-1-13P33JPG,https://stors.tas.gov.au/AD956-1-1$init=AD956-1-1-00002,https://stors.tas.gov.au/RD1-1-13$init,RD1-1-13P33JPG,1842,https://stors.tas.gov.au/NI/1739894,1 acre,Kempton,Ashton,John,,1842,
"AD956/1/1 page 3|RD1/1 Book 25, page 200",AD956/1/1 page 3,"RD1/1 Book 25, page 200",https://stors.tas.gov.au/AD956-1-1$init=AD956-1-1-00003|https://stors.tas.gov.au/RD1-1-25$init=RD1-1-25P205JPG,https://stors.tas.gov.au/AD956-1-1$init=AD956-1-1-00003,https://stors.tas.gov.au/RD1-1-25$init,RD1-1-25P205JPG,1852,https://stors.tas.gov.au/NI/1739895,2 acres 28 perches,Kempton,Ashton,John,,1852,
"AD956/1/1 page 5|RD1/1 Book 58, page 116",AD956/1/1 page 5,"RD1/1 Book 58, page 116",https://stors.tas.gov.au/AD956-1-1$init=AD956-1-1-00005|https://stors.tas.gov.au/RD1-1-58$init=RD1-1-58P115JPG,https://stors.tas.gov.au/AD956-1-1$init=AD956-1-1-00005,https://stors.tas.gov.au/RD1-1-58$init,RD1-1-58P115JPG,1865,https://stors.tas.gov.au/NI/1739897,"1 acre, 14 perches",Kempton,Ashton,John,,1865,
"AD956/1/1 page 3|RD1/1 Book 23, page 44",AD956/1/1 page 3,"RD1/1 Book 23, page 44",https://stors.tas.gov.au/AD956-1-1$init=AD956-1-1-00003|https://stors.tas.gov.au/RD1-1-23$init=RD1-1-23P50JPG,https://stors.tas.gov.au/AD956-1-1$init=AD956-1-1-00003,https://stors.tas.gov.au/RD1-1-23$init,RD1-1-23P50JPG,1848,https://stors.tas.gov.au/NI/1739940,"2 roods, 23 perches",Kempton,Atkinson,Henry,Esch,1848,
"AD956/1/1 page 15|RD1/1 Book 37, page 92",AD956/1/1 page 15,"RD1/1 Book 37, page 92",https://stors.tas.gov.au/AD956-1-1$init=AD956-1-1-00015|https://stors.tas.gov.au/RD1-1-37$init=RD1-1-37P092JPG,https://stors.tas.gov.au/AD956-1-1$init=AD956-1-1-00015,https://stors.tas.gov.au/RD1-1-37$init,RD1-1-37P092JPG,1857,https://stors.tas.gov.au/NI/1741724,"1 acre, 2 roods",Kempton,Breheny,James,,1857,
"AD956/1/1 page 15|RD1/1 Book 37, page 129",AD956/1/1 page 15,"RD1/1 Book 37, page 129",https://stors.tas.gov.au/AD956-1-1$init=AD956-1-1-00015|https://stors.tas.gov.au/RD1-1-37$init=RD1-1-37P129JPG,https://stors.tas.gov.au/AD956-1-1$init=AD956-1-1-00015,https://stors.tas.gov.au/RD1-1-37$init,RD1-1-37P129JPG,1857,https://stors.tas.gov.au/NI/1742027,"1 acre, 2 roods",Kempton,Bryan,Thomas,,1857,
"AD956/1/1 page 24|RD1/1 Book 42, page 72",AD956/1/1 page 24,"RD1/1 Book 42, page 72",https://stors.tas.gov.au/AD956-1-1$init=AD956-1-1-00024|https://stors.tas.gov.au/RD1-1-42$init=RD1-1-42P072JPG,https://stors.tas.gov.au/AD956-1-1$init=AD956-1-1-00024,https://stors.tas.gov.au/RD1-1-42$init,RD1-1-42P072JPG,1859,https://stors.tas.gov.au/NI/1742663,"1 acre, 2 roods",Kempton,Callaghan,Mary,,1859,
"AD956/1/1 page 22|RD1/1 Book 23, page 141",AD956/1/1 page 22,"RD1/1 Book 23, page 141",https://stors.tas.gov.au/AD956-1-1$init=AD956-1-1-00022|https://stors.tas.gov.au/RD1-1-23$init=RD1-1-23P147JPG,https://stors.tas.gov.au/AD956-1-1$init=AD956-1-1-00022,https://stors.tas.gov.au/RD1-1-23$init,RD1-1-23P147JPG,1849,https://stors.tas.gov.au/NI/1742929,"3 roods, 1 perches",Kempton,Cartwright,Daniel,,1849,
"AD956/1/1 page 22|RD1/1 Book 24, page 165",AD956/1/1 page 22,"RD1/1 Book 24, page 165",https://stors.tas.gov.au/AD956-1-1$init=AD956-1-1-00022|https://stors.tas.gov.au/RD1-1-24$init=RD1-1-24P168JPG,https://stors.tas.gov.au/AD956-1-1$init=AD956-1-1-00022,https://stors.tas.gov.au/RD1-1-24$init,RD1-1-24P168JPG,1850,https://stors.tas.gov.au/NI/1742930,"1 acre, 1 rood, 23 perches",Kempton,Cartwright,Daniel,,1850,
"AD956/1/1 page 21|RD1/1 Book 18, Page 23",AD956/1/1 page 21,"RD1/1 Book 18, Page 23",https://stors.tas.gov.au/AD956-1-1$init=AD956-1-1-00021|https://stors.tas.gov.au/RD1-1-18$init=RD1-1-18P24JPG,https://stors.tas.gov.au/AD956-1-1$init=AD956-1-1-00021,https://stors.tas.gov.au/RD1-1-18$init,RD1-1-18P24JPG,1845,https://stors.tas.gov.au/NI/1743354,3 acres,Kempton,Clark,William,,1845,
"AD956/1/1 page 129|RD1/1 Book 12, page 109",AD956/1/1 page 129,"RD1/1 Book 12, page 109",https://stors.tas.gov.au/AD956-1-1$init=AD956-1-1-00129|https://stors.tas.gov.au/RD1-1-12$init=RD1-1-12P110JPG,https://stors.tas.gov.au/AD956-1-1$init=AD956-1-1-00129,https://stors.tas.gov.au/RD1-1-12$init,RD1-1-12P110JPG,1842,https://stors.tas.gov.au/NI/1744360,"1 acre, 23 perches",Kempton,Croxton,Thomas,,1842,
"AD956/1/1 page 21|RD1/1 Book 12, Page 109",AD956/1/1 page 21,"RD1/1 Book 12, Page 109",https://stors.tas.gov.au/AD956-1-1$init=AD956-1-1-00021|https://stors.tas.gov.au/RD1-1-12$init=RD1-1-12P110JPG,https://stors.tas.gov.au/AD956-1-1$init=AD956-1-1-00021,https://stors.tas.gov.au/RD1-1-12$init,RD1-1-12P110JPG,1842,https://stors.tas.gov.au/NI/1744361,"1 acre, 23 perches",Kempton,Croxton,Thomas,,1842,
"AD956/1/1 page 29|RD1/1 Book 23, page 194",AD956/1/1 page 29,"RD1/1 Book 23, page 194",https://stors.tas.gov.au/AD956-1-1$init=AD956-1-1-00029|https://stors.tas.gov.au/RD1-1-23$init=RD1-1-23P201JPG,https://stors.tas.gov.au/AD956-1-1$init=AD956-1-1-00029,https://stors.tas.gov.au/RD1-1-23$init,RD1-1-23P201JPG,1849,https://stors.tas.gov.au/NI/1745445,"2 acres, 1 rood, 10 perches",Kempton,Drinkwater,William,,1849,
"AD956/1/1 page 42|RD1/1 Book 25, page 188",AD956/1/1 page 42,"RD1/1 Book 25, page 188",https://stors.tas.gov.au/AD956-1-1$init=AD956-1-1-00042|https://stors.tas.gov.au/RD1-1-25$init=RD1-1-25P193JPG,https://stors.tas.gov.au/AD956-1-1$init=AD956-1-1-00042,https://stors.tas.gov.au/RD1-1-25$init,RD1-1-25P193JPG,1852,https://stors.tas.gov.au/NI/1746588,"1 acre, 2 roods, 14 perches",Kempton,Flexmore,Francis,,1852,
"AD956/1/1 page 52|RD1/1 Book 44, page 28",AD956/1/1 page 52,"RD1/1 Book 44, page 28",https://stors.tas.gov.au/AD956-1-1$init=AD956-1-1-00052|https://stors.tas.gov.au/RD1-1-44$init=RD1-1-44P028JPG,https://stors.tas.gov.au/AD956-1-1$init=AD956-1-1-00052,https://stors.tas.gov.au/RD1-1-44$init,RD1-1-44P028JPG,1859,https://stors.tas.gov.au/NI/1746950,"1 acre, 2 roods, 21 perches",Kempton,Gallagher,James,,1859,
"AD956/1/1 page 53|RD1/1 Book 56, page 51",AD956/1/1 page 53,"RD1/1 Book 56, page 51",https://stors.tas.gov.au/AD956-1-1$init=AD956-1-1-00053|https://stors.tas.gov.au/RD1-1-56$init=RD1-1-56P051JPG,https://stors.tas.gov.au/AD956-1-1$init=AD956-1-1-00053,https://stors.tas.gov.au/RD1-1-56$init,RD1-1-56P051JPG,1864,https://stors.tas.gov.au/NI/1747524,"1 acre, 1 rood, 25 perches",Kempton,Goodwin,Edward,,1864,
"AD956/1/1 page 51|RD1/1 Book 37, page 89",AD956/1/1 page 51,"RD1/1 Book 37, page 89",https://stors.tas.gov.au/AD956-1-1$init=AD956-1-1-00051|https://stors.tas.gov.au/RD1-1-37$init=RD1-1-37P089JPG,https://stors.tas.gov.au/AD956-1-1$init=AD956-1-1-00051,https://stors.tas.gov.au/RD1-1-37$init,RD1-1-37P089JPG,1857,https://stors.tas.gov.au/NI/1747548,"1 acre, 2 roods, 0 perches",Kempton,Gorman,James,,1857,
"AD956/1/1 page 53|RD1/1 Book 59, page 50",AD956/1/1 page 53,"RD1/1 Book 59, page 50",https://stors.tas.gov.au/AD956-1-1$init=AD956-1-1-00053|https://stors.tas.gov.au/RD1-1-59$init=RD1-1-59P050JPG,https://stors.tas.gov.au/AD956-1-1$init=AD956-1-1-00053,https://stors.tas.gov.au/RD1-1-59$init,RD1-1-59P050JPG,1866,https://stors.tas.gov.au/NI/1747555,22 1/2 perches,Kempton,Gorringe,Thomas,,1866,
"AD956/1/1 page 58|RD1/1 Book 18, page 30",AD956/1/1 page 58,"RD1/1 Book 18, page 30",https://stors.tas.gov.au/AD956-1-1$init=AD956-1-1-00058|https://stors.tas.gov.au/RD1-1-18$init=RD1-1-18P31JPG,https://stors.tas.gov.au/AD956-1-1$init=AD956-1-1-00058,https://stors.tas.gov.au/RD1-1-18$init,RD1-1-18P31JPG,1845,https://stors.tas.gov.au/NI/1748552,"1 acre, 27 perches",Kempton,Hartley,William,,1845,
"AD956/1/1 page 61|RD1/1 Book 44, page 36",AD956/1/1 page 61,"RD1/1 Book 44, page 36",https://stors.tas.gov.au/AD956-1-1$init=AD956-1-1-00061|https://stors.tas.gov.au/RD1-1-44$init=RD1-1-44P036JPG,https://stors.tas.gov.au/AD956-1-1$init=AD956-1-1-00061,https://stors.tas.gov.au/RD1-1-44$init,RD1-1-44P036JPG,1859,https://stors.tas.gov.au/NI/1748664,"1 acre, 2 roods, 12 perches",Kempton,Hayes,Fanny,,1859,
"AD956/1/1 page 61|RD1/1 Book 37, page 90",AD956/1/1 page 61,"RD1/1 Book 37, page 90",https://stors.tas.gov.au/AD956-1-1$init=AD956-1-1-00061|https://stors.tas.gov.au/RD1-1-37$init=RD1-1-37P090JPG,https://stors.tas.gov.au/AD956-1-1$init=AD956-1-1-00061,https://stors.tas.gov.au/RD1-1-37$init,RD1-1-37P090JPG,1857,https://stors.tas.gov.au/NI/1748675,"1 acre, 2 roods, 38 perches",Kempton,Hayes,Michael,,1857,
"AD956/1/1 page 62|RD1/1 Book 47, Page 155",AD956/1/1 page 62,"RD1/1 Book 47, Page 155",https://stors.tas.gov.au/AD956-1-1$init=AD956-1-1-00062|https://stors.tas.gov.au/RD1-1-47$init=RD1-1-47P155JPG,https://stors.tas.gov.au/AD956-1-1$init=AD956-1-1-00062,https://stors.tas.gov.au/RD1-1-47$init,RD1-1-47P155JPG,1860,https://stors.tas.gov.au/NI/1748676,"3 roods, 8 perches",Kempton,Hayes,Michael,,1860,
"AD956/1/1 page 58|RD1/1 Book 22, page 96",AD956/1/1 page 58,"RD1/1 Book 22, page 96",https://stors.tas.gov.au/AD956-1-1$init=AD956-1-1-00058|https://stors.tas.gov.au/RD1-1-22$init=RD1-1-22P96JPG,https://stors.tas.gov.au/AD956-1-1$init=AD956-1-1-00058,https://stors.tas.gov.au/RD1-1-22$init,RD1-1-22P96JPG,1848,https://stors.tas.gov.au/NI/1748833,"2 roods, 39 perches",Kempton,Henry,Mark,,1848,
"AD956/1/1 page 58|RD1/1 Book 23, page 2",AD956/1/1 page 58,"RD1/1 Book 23, page 2",https://stors.tas.gov.au/AD956-1-1$init=AD956-1-1-00058|https://stors.tas.gov.au/RD1-1-23$init=RD1-1-23P2JPG,https://stors.tas.gov.au/AD956-1-1$init=AD956-1-1-00058,https://stors.tas.gov.au/RD1-1-23$init,RD1-1-23P2JPG,1848,https://stors.tas.gov.au/NI/1748834,"2 acres, 14 perches",Kempton,Henry,Mark,,1848,
"AD956/1/1 page 59|RD1/1 Book 23, Page 64",AD956/1/1 page 59,"RD1/1 Book 23, Page 64",https://stors.tas.gov.au/AD956-1-1$init=AD956-1-1-00059|https://stors.tas.gov.au/RD1-1-23$init=RD1-1-23P70JPG,https://stors.tas.gov.au/AD956-1-1$init=AD956-1-1-00059,https://stors.tas.gov.au/RD1-1-23$init,RD1-1-23P70JPG,,https://stors.tas.gov.au/NI/1749665,"2 acres, 1 rood, 4 perches",Kempton,Hurst,Henry,Stevenson,,
"AD956/1/1 page 79|RD1/1 Book 37, page 45",AD956/1/1 page 79,"RD1/1 Book 37, page 45",https://stors.tas.gov.au/AD956-1-1$init=AD956-1-1-00079|https://stors.tas.gov.au/RD1-1-37$init=RD1-1-37P045JPG,https://stors.tas.gov.au/AD956-1-1$init=AD956-1-1-00079,https://stors.tas.gov.au/RD1-1-37$init,RD1-1-37P045JPG,1857,https://stors.tas.gov.au/NI/1750728,"1 acre, 2 roods",Kempton,Kelly,Michael,,1857,
"AD956/1/1 page 79|RD1/1 Book 37, page 91",AD956/1/1 page 79,"RD1/1 Book 37, page 91",https://stors.tas.gov.au/AD956-1-1$init=AD956-1-1-00079|https://stors.tas.gov.au/RD1-1-37$init=RD1-1-37P091JPG,https://stors.tas.gov.au/AD956-1-1$init=AD956-1-1-00079,https://stors.tas.gov.au/RD1-1-37$init,RD1-1-37P091JPG,1857,https://stors.tas.gov.au/NI/1750773,"1 acre, 2 roods",Kempton,Kennedy,James,,1857,
"AD956/1/1 page 96|RD1/1 Book 37, page  93",AD956/1/1 page 96,"RD1/1 Book 37, page  93",https://stors.tas.gov.au/AD956-1-1$init=AD956-1-1-00096|https://stors.tas.gov.au/RD1-1-37$init=RD1-1-37P093JPG,https://stors.tas.gov.au/AD956-1-1$init=AD956-1-1-00096,https://stors.tas.gov.au/RD1-1-37$init,RD1-1-37P093JPG,1857,https://stors.tas.gov.au/NI/1752659,"1, 2, 29",Kempton,Maloney,James,,1857,
"AD956/1/1 page 96|RD1/1 Book 37, page  123",AD956/1/1 page 96,"RD1/1 Book 37, page  123",https://stors.tas.gov.au/AD956-1-1$init=AD956-1-1-00096|https://stors.tas.gov.au/RD1-1-37$init=RD1-1-37P123JPG,https://stors.tas.gov.au/AD956-1-1$init=AD956-1-1-00096,https://stors.tas.gov.au/RD1-1-37$init,RD1-1-37P123JPG,1857,https://stors.tas.gov.au/NI/1753098,"1 acre, 2 roods, 0 perches",Kempton,McCabe,Hugh,,1857,
AD956/1/1 page 97|RD1/1 Book 43 page 157,AD956/1/1 page 97,RD1/1 Book 43 page 157,https://stors.tas.gov.au/AD956-1-1$init=AD956-1-1-00097|https://stors.tas.gov.au/RD1-1-43$init=RD1-1-43P157JPG,https://stors.tas.gov.au/AD956-1-1$init=AD956-1-1-00097,https://stors.tas.gov.au/RD1-1-43$init,RD1-1-43P157JPG,1859,https://stors.tas.gov.au/NI/1753245,"1 acre, 3 roods",Kempton,McDonald,Patrick,,1859,
"AD956/1/1 page 94|RD1/1 Book 30, page 49",AD956/1/1 page 94,"RD1/1 Book 30, page 49",https://stors.tas.gov.au/AD956-1-1$init=AD956-1-1-00094|https://stors.tas.gov.au/RD1-1-30$init=RD1-1-30P49JPG,https://stors.tas.gov.au/AD956-1-1$init=AD956-1-1-00094,https://stors.tas.gov.au/RD1-1-30$init,RD1-1-30P49JPG,1855,https://stors.tas.gov.au/NI/1753828,"3 acres, 19 perches",Kempton,Miller,William,,1855,
"AD956/1/1 page 96|RD1/1 Book 37, page  125",AD956/1/1 page 96,"RD1/1 Book 37, page  125",https://stors.tas.gov.au/AD956-1-1$init=AD956-1-1-00096|https://stors.tas.gov.au/RD1-1-37$init=RD1-1-37P125JPG,https://stors.tas.gov.au/AD956-1-1$init=AD956-1-1-00096,https://stors.tas.gov.au/RD1-1-37$init,RD1-1-37P125JPG,1857,https://stors.tas.gov.au/NI/1754486,"1, 2, 0",Kempton,Murphey,Edmund,,1857,
"AD956/1/1 page 114|RD1/1 Book 17, page 122",AD956/1/1 page 114,"RD1/1 Book 17, page 122",https://stors.tas.gov.au/AD956-1-1$init=AD956-1-1-00114|https://stors.tas.gov.au/RD1-1-17$init=RD1-1-17P122JPG,https://stors.tas.gov.au/AD956-1-1$init=AD956-1-1-00114,https://stors.tas.gov.au/RD1-1-17$init,RD1-1-17P122JPG,1844,https://stors.tas.gov.au/NI/1755281,1 acre,Kempton,Olive,John,,1844,
"AD956/1/1 page 114|RD1/1 Book 21, page 48",AD956/1/1 page 114,"RD1/1 Book 21, page 48",https://stors.tas.gov.au/AD956-1-1$init=AD956-1-1-00114|https://stors.tas.gov.au/RD1-1-21$init=RD1-1-21P48JPG,https://stors.tas.gov.au/AD956-1-1$init=AD956-1-1-00114,https://stors.tas.gov.au/RD1-1-21$init,RD1-1-21P48JPG,1846,https://stors.tas.gov.au/NI/1755282,1 acre,Kempton,Olive,John,,1846,
"AD956/1/1 page 113|RD1/1 Book 13, page 180",AD956/1/1 page 113,"RD1/1 Book 13, page 180",https://stors.tas.gov.au/AD956-1-1$init=AD956-1-1-00113|https://stors.tas.gov.au/RD1-1-13$init=RD1-1-13P180JPG,https://stors.tas.gov.au/AD956-1-1$init=AD956-1-1-00113,https://stors.tas.gov.au/RD1-1-13$init,RD1-1-13P180JPG,1842,https://stors.tas.gov.au/NI/1755399,1 acre,Kempton,Otter,George,,1842,
"AD956/1/1 page 114|RD1/1 Book 24, page 158",AD956/1/1 page 114,"RD1/1 Book 24, page 158",https://stors.tas.gov.au/AD956-1-1$init=AD956-1-1-00114|https://stors.tas.gov.au/RD1-1-24$init=RD1-1-24P161JPG,https://stors.tas.gov.au/AD956-1-1$init=AD956-1-1-00114,https://stors.tas.gov.au/RD1-1-24$init,RD1-1-24P161JPG,1850,https://stors.tas.gov.au/NI/1755400,"1 acre, 1 rood, 35 perches",Kempton,Otter,George,,1850,
"AD956/1/1 page 114|RD1/1 Book 24, page 159",AD956/1/1 page 114,"RD1/1 Book 24, page 159",https://stors.tas.gov.au/AD956-1-1$init=AD956-1-1-00114|https://stors.tas.gov.au/RD1-1-24$init=RD1-1-24P162JPG,https://stors.tas.gov.au/AD956-1-1$init=AD956-1-1-00114,https://stors.tas.gov.au/RD1-1-24$init,RD1-1-24P162JPG,1850,https://stors.tas.gov.au/NI/1755401,"1 acre, 27 perches",Kempton,Otter,George,,1850,
"AD956/1/1 page 122|RD1/1 Book 45, page 15",AD956/1/1 page 122,"RD1/1 Book 45, page 15",https://stors.tas.gov.au/AD956-1-1$init=AD956-1-1-00122|https://stors.tas.gov.au/RD1-1-45$init=RD1-1-45P015JPG,https://stors.tas.gov.au/AD956-1-1$init=AD956-1-1-00122,https://stors.tas.gov.au/RD1-1-45$init,RD1-1-45P015JPG,1859,https://stors.tas.gov.au/NI/1755960,"1 acre, 2 roods",Kempton,Philbin,John,,1859,
"AD956/1/1 page 120|RD1/1 Book 13, page 153",AD956/1/1 page 120,"RD1/1 Book 13, page 153",https://stors.tas.gov.au/AD956-1-1$init=AD956-1-1-00120|https://stors.tas.gov.au/RD1-1-13$init=RD1-1-13P153JPG,https://stors.tas.gov.au/AD956-1-1$init=AD956-1-1-00120,https://stors.tas.gov.au/RD1-1-13$init,RD1-1-13P153JPG,1842,https://stors.tas.gov.au/NI/1756177,"1 acre, 12 perches",Kempton,Pitt,Philip,,1842,
"AD956/1/1 page 122|RD1/1 Book 37, page 87",AD956/1/1 page 122,"RD1/1 Book 37, page 87",https://stors.tas.gov.au/AD956-1-1$init=AD956-1-1-00122|https://stors.tas.gov.au/RD1-1-37$init=RD1-1-37P087JPG,https://stors.tas.gov.au/AD956-1-1$init=AD956-1-1-00122,https://stors.tas.gov.au/RD1-1-37$init,RD1-1-37P087JPG,1857,https://stors.tas.gov.au/NI/1756411,"1 acre, 2 roods",Kempton,Priestly,Thomas,,1857,
"AD956/1/1 page 21|RD1/1 Book 12, Page 109",AD956/1/1 page 21,"RD1/1 Book 12, Page 109",https://stors.tas.gov.au/AD956-1-1$init=AD956-1-1-00021|https://stors.tas.gov.au/RD1-1-12$init=RD1-1-12P110JPG,https://stors.tas.gov.au/AD956-1-1$init=AD956-1-1-00021,https://stors.tas.gov.au/RD1-1-12$init,RD1-1-12P110JPG,1842,https://stors.tas.gov.au/NI/1756670,"1 acre, 23 perches",Kempton,Randall,Edward,,1842,
"AD956/1/1 page 141|RD1/1 Book 21, page 49",AD956/1/1 page 141,"RD1/1 Book 21, page 49",https://stors.tas.gov.au/AD956-1-1$init=AD956-1-1-00141|https://stors.tas.gov.au/RD1-1-21$init=RD1-1-21P49JPG,https://stors.tas.gov.au/AD956-1-1$init=AD956-1-1-00141,https://stors.tas.gov.au/RD1-1-21$init,RD1-1-21P49JPG,1846,https://stors.tas.gov.au/NI/1758401,1 acre,Kempton,Sheed,Joseph,,1846,
"AD956/1/1 page 141|RD1/1 Book 21, page 50",AD956/1/1 page 141,"RD1/1 Book 21, page 50",https://stors.tas.gov.au/AD956-1-1$init=AD956-1-1-00141|https://stors.tas.gov.au/RD1-1-21$init=RD1-1-21P50JPG,https://stors.tas.gov.au/AD956-1-1$init=AD956-1-1-00141,https://stors.tas.gov.au/RD1-1-21$init,RD1-1-21P50JPG,1846,https://stors.tas.gov.au/NI/1758402,"1 acre, 14 perches",Kempton,Sheed,Joseph,,1846,
"AD956/1/1 page 141|RD1/1 Book 21, page 51",AD956/1/1 page 141,"RD1/1 Book 21, page 51",https://stors.tas.gov.au/AD956-1-1$init=AD956-1-1-00141|https://stors.tas.gov.au/RD1-1-21$init=RD1-1-21P51JPG,https://stors.tas.gov.au/AD956-1-1$init=AD956-1-1-00141,https://stors.tas.gov.au/RD1-1-21$init,RD1-1-21P51JPG,1846,https://stors.tas.gov.au/NI/1758403,"1 acre, 29 perches",Kempton,Sheed,Joseph,,1846,
"AD956/1/1 page 141|RD1/1 Book 22, page 89",AD956/1/1 page 141,"RD1/1 Book 22, page 89",https://stors.tas.gov.au/AD956-1-1$init=AD956-1-1-00141|https://stors.tas.gov.au/RD1-1-22$init=RD1-1-22P89JPG,https://stors.tas.gov.au/AD956-1-1$init=AD956-1-1-00141,https://stors.tas.gov.au/RD1-1-22$init,RD1-1-22P89JPG,1848,https://stors.tas.gov.au/NI/1759104,"1 roods, 18 perches",Kempton,Speed,Joseph,,1848,
"AD956/1/1 page 141|RD1/1 Book 22, page 90",AD956/1/1 page 141,"RD1/1 Book 22, page 90",https://stors.tas.gov.au/AD956-1-1$init=AD956-1-1-00141|https://stors.tas.gov.au/RD1-1-22$init=RD1-1-22P90JPG,https://stors.tas.gov.au/AD956-1-1$init=AD956-1-1-00141,https://stors.tas.gov.au/RD1-1-22$init,RD1-1-22P90JPG,1848,https://stors.tas.gov.au/NI/1759105,"1 roods, 22 1/2 perches",Kempton,Speed,Joseph,,1848,
"AD956/1/1 page 141|RD1/1 Book 22, page 91",AD956/1/1 page 141,"RD1/1 Book 22, page 91",https://stors.tas.gov.au/AD956-1-1$init=AD956-1-1-00141|https://stors.tas.gov.au/RD1-1-22$init=RD1-1-22P91JPG,https://stors.tas.gov.au/AD956-1-1$init=AD956-1-1-00141,https://stors.tas.gov.au/RD1-1-22$init,RD1-1-22P91JPG,1848,https://stors.tas.gov.au/NI/1759106,"1 roods, 14 perches",Kempton,Speed,Joseph,,1848,
"AD956/1/1 page 141|RD1/1 Book 22, page 92",AD956/1/1 page 141,"RD1/1 Book 22, page 92",https://stors.tas.gov.au/AD956-1-1$init=AD956-1-1-00141|https://stors.tas.gov.au/RD1-1-22$init=RD1-1-22P92JPG,https://stors.tas.gov.au/AD956-1-1$init=AD956-1-1-00141,https://stors.tas.gov.au/RD1-1-22$init,RD1-1-22P92JPG,1848,https://stors.tas.gov.au/NI/1759107,"1 roods, 18 perches",Kempton,Speed,Joseph,,1848,
"AD956/1/1 page 150|RD1/1 Book 14, page 163",AD956/1/1 page 150,"RD1/1 Book 14, page 163",https://stors.tas.gov.au/AD956-1-1$init=AD956-1-1-00150|https://stors.tas.gov.au/RD1-1-14$init=RD1-1-14P163JPG,https://stors.tas.gov.au/AD956-1-1$init=AD956-1-1-00150,https://stors.tas.gov.au/RD1-1-14$init,RD1-1-14P163JPG,1842,https://stors.tas.gov.au/NI/1760125,"1 acre, 35 perches",Kempton,Thompson,John,,1842,
"AD956/1/1 page 151|RD1/1 Book 44, page 1",AD956/1/1 page 151,"RD1/1 Book 44, page 1",https://stors.tas.gov.au/AD956-1-1$init=AD956-1-1-00151|https://stors.tas.gov.au/RD1-1-44$init=RD1-1-44P001JPG,https://stors.tas.gov.au/AD956-1-1$init=AD956-1-1-00151,https://stors.tas.gov.au/RD1-1-44$init,RD1-1-44P001JPG,1859,https://stors.tas.gov.au/NI/1760620,"1 acre, 1 rood, 9 perches",Kempton,Tynan,Edward,,1859,
"AD956/1/1 page 164|RD1/1 Book 22, Page 99",AD956/1/1 page 164,"RD1/1 Book 22, Page 99",https://stors.tas.gov.au/AD956-1-1$init=AD956-1-1-00164|https://stors.tas.gov.au/RD1-1-22$init=RD1-1-22P99JPG,https://stors.tas.gov.au/AD956-1-1$init=AD956-1-1-00164,https://stors.tas.gov.au/RD1-1-22$init,RD1-1-22P99JPG,1848,https://stors.tas.gov.au/NI/1761373,"3 roods, 16 perches",Kempton,Wellington,Elizabeth,,1848,
"AD956/1/1 page 164|RD1/1 Book 17, Page 145",AD956/1/1 page 164,"RD1/1 Book 17, Page 145",https://stors.tas.gov.au/AD956-1-1$init=AD956-1-1-00164|https://stors.tas.gov.au/RD1-1-17$init=RD1-1-17P145JPG,https://stors.tas.gov.au/AD956-1-1$init=AD956-1-1-00164,https://stors.tas.gov.au/RD1-1-17$init,RD1-1-17P145JPG,1844,https://stors.tas.gov.au/NI/1762206,1 acre,Kempton,Wood,George,,1844,
"AD956/1/1 page 166|RD1/1 Book 38, page 75",AD956/1/1 page 166,"RD1/1 Book 38, page 75",https://stors.tas.gov.au/AD956-1-1$init=AD956-1-1-00166|https://stors.tas.gov.au/RD1-1-38$init=RD1-1-38P075JPG,https://stors.tas.gov.au/AD956-1-1$init=AD956-1-1-00166,https://stors.tas.gov.au/RD1-1-38$init,RD1-1-38P075JPG,1857,https://stors.tas.gov.au/NI/1762271,"1 acre, 2 roods",Kempton,Woodhead,Joseph,,1857,
"AD956/1/1 page 166|RD1/1 Book 38, page 52",AD956/1/1 page 166,"RD1/1 Book 38, page 52",https://stors.tas.gov.au/AD956-1-1$init=AD956-1-1-00166|https://stors.tas.gov.au/RD1-1-38$init=RD1-1-38P052JPG,https://stors.tas.gov.au/AD956-1-1$init=AD956-1-1-00166,https://stors.tas.gov.au/RD1-1-38$init,RD1-1-38P052JPG,1857,https://stors.tas.gov.au/NI/1762392,"1 acre, 2 roods",Kempton,Wright,James,,1857,
